#id,caliber in inches,ladder aiming progress growth upto one from double-shot salvo,target-locked aim progress,during aiming minimal delay between salvos,time to acquire target (estimation),visual shell+trail size modifier,visual size modifier: shot (fire+exhaust) from barrel,visual size modifier: water splash on hit water,small delay between shooting of different guns,TODO,TODO," chance to hit at max range (K=0.005 - very poor, K=0.05 - very good) (will scale inside expontentially, see below)","expontentinal modifier for accuracy (formula is: accuracy_base=K^(x^b), x is in [0;1] for mix/max range);",hit chance simple final multiplier,damage modifier (multiplier),air resistance,internal physics drag,basic turret weight,amount of shells per barrel,barrel's weight (used for cost too),,,,,gun's firerate (shots per minute),,,,,shell weight's (for arc),,,,,shell's velocity (for arc),,,,,max fire range (in km),,,,,,accuracy modifier,,,,,penetration modifier (multiplier),,,,,,,,,,,,,
@name,caliberInch,aimProgress,lockedProgress,aimSalvoDelay,#timeToAcquireTarget,shellSize,shotSize,splashSize,shootDelay,shootDelayMin,shootDelayMax,hitChanceMaxRange,hitChanceCurver,hitChanceMult,damageMod,dragX,#drag,baseWeight,ammo,barrelW_1,barrelW_2,barrelW_3,barrelW_4,barrelW_5,firerate_1,firerate_2,firerate_3,firerate_4,firerate_5,shellW_1,shellW_2,shellW_3,shellW_4,shellW_5,shellV_1,shellV_2,shellV_3,shellV_4,shellV_5,range_1,range_2,range_3,range_4,range_5,#rangeOriginal,accuracy_1,accuracy_2,accuracy_3,accuracy_4,accuracy_5,penetration_1,penetration_2,penetration_3,penetration_4,penetration_5,#Target Initial Ranges,#Drag,#Test Drag 1,#Accuracy Old,#Accuracy New,#Accuracy Old,#Accuracy New,#Accuracy Old,#Accuracy New
default,0,1,1,10,,1,1,1,0.2,0.2,0.2,0.01,1,1,1,1,1,1,100,0,0,0,0,0,0,0,0,0,0,0,0,0,0,0,0,0,0,0,0,0,0,0,0,0,0,0,0,0,0,0,0,0,0,0,0,,,,,,,,,
1,1,165.375,17325,2,0,0.11,0.4,0.6,3.5,0.05,14,0.0000351280265,0.46,4.84251075,0.105,13.5,0.13,0.4,275,0.1364,0.13981,0.14330525,0.1468878813,0.1505600783,17.16,21.75,26.78,30.375,34.16,2,2.07,2.14245,2.21743575,2.295046001,795,840,899,1000,1095,"7,350","7,875","8,400","8,925","9,450","10,500",1,1.05,1.1,1.15,1.2,0.935,1.0098,1.090584,1.17783072,1.272057178,2275,18,45,4.2,2.1,0.0007025605299,0.0000351280265,1.4,4.2
2,2,110.25,9900,2,0,0.11,0.4,0.6,3.5,0.05,14,0.00003193456954,0.46,4.4022825,0.225,13.5,0.54,0.768,265,0.1689,0.1731225,0.1774505625,0.1818868266,0.1864339972,15.1632,19.37925,23.3604,26.973,30.83184,2.5,2.5875,2.6780625,2.771794688,2.868807502,792.1935,833.0175,891.0405,1018.71,1105.65,"8,050","8,625","9,200","9,775","10,350","11,500",1,1.05,1.1,1.15,1.2,0.935,1.0098,1.090584,1.17783072,1.272057178,2275,14.5,36.25,545,272.5,0.0006386913908,0.00003193456954,1.3375,4.0125
3,3,73.5,4950,3,0,0.1375,0.5,0.6,3.5,0.05,14,0.00002903142686,0.46,3.1444875,0.335,13,1.17,1.296,205,0.285,0.292125,0.299428125,0.3069138281,0.3145866738,12.636,15.85575,19.35576,22.599,26.08848,11,11.385,11.783475,12.19589663,12.62275301,782.649,823.33125,880.12575,982.3275,1063.125,"9,100","9,750","10,400","11,050","11,700","13,000",1,1.05,1.1,1.15,1.2,0.935,1.0098,1.090584,1.17783072,1.272057178,3850,13.5,33.75,530,265,0.0005806285371,0.00002903142686,1.2875,3.8625
4,4,58.8,2475,4,0,0.19,0.6,0.8,3.25,0.05,14,0.00002639220623,0.46,2.2460625,0.5,13,2.08,2.448,175,0.5,0.5125,0.5253125,0.5384453125,0.5519064453,7.63776,10.5183,12.889008,15.0984,17.48016,14.4,14.904,15.42564,15.9655374,16.52433121,773.1045,813.645,869.211,966.735,1031.23125,"9,800","10,500","11,200","11,900","12,600","14,000",1,1.05,1.1,1.15,1.2,0.935,1.0098,1.090584,1.17783072,1.272057178,4900,12.9,32.25,380,190,0.0005278441247,0.00002639220623,1.2125,3.6375
5,5,47.04,990,5,0,0.31,0.8,0.95,3.35,0.05,14,0.00002399291476,0.46,2.041875,0.8,14,3.5,7.6,140,1.6,1.64,1.681,1.723025,1.766100625,4.5981,6.7725,8.55,10.1475,11.529,28.8,29.808,30.85128,31.9310748,33.04866242,763.56,803.95875,859.2885,951.1425,1020.6,"10,500","11,250","12,000","12,750","13,500","15,000",1,1.05,1.1,1.15,1.2,0.935,1.0098,1.090584,1.17783072,1.272057178,5950,12.7,31.75,330,165,0.0004798582951,0.00002399291476,1.1375,3.4125
6,6,11.76,396,5.5,0,0.395,0.95,1,3.75,0.1,5,0.00002181174069,0.46,1.85625,1,14,5.04,14.88,115,3.2,3.28,3.362,3.44605,3.53220125,3.63132,5.457375,7.4844,8.950095,10.1115,50,51.75,53.56125,55.43589375,57.37615003,754.0155,794.2725,848.37375,945.945,1015.284375,"11,200","12,000","12,800","13,600","14,400","16,000",1,1.05,1.1,1.15,1.2,0.935,1.0098,1.090584,1.17783072,1.272057178,6650,12.5,31.25,270,135,0.0004362348138,0.00002181174069,1.0875,3.2625
7,7,0.588,120,6,10,0.475,1.25,1.15,3.5,0.1,5,0.00001982885517,0.47,1.6875,1.33,17.5,8.57,21.984,95,4.8,4.92,5.043,5.169075,5.298301875,3.11256,4.3659,5.6133,6.392925,7.203735,70.4,72.864,75.41424,78.0537384,80.78561924,744.471,784.58625,840.43575,940.7475,1009.96875,"11,900","12,750","13,600","14,450","15,300","17,000",1,1.05,1.1,1.15,1.2,0.935,1.0098,1.090584,1.17783072,1.272057178,7350,12,30,220,110,0.0003965771034,0.00001982885517,1.025,3.075
8,8,0.084,80,6.5,77,0.59,1.5,1.3,3,0.1,5,0.00001802623197,0.47,1.5,1.7,17.5,11.2,33,85,7.2,7.38,7.5645,7.7536125,7.947452813,2.489,3.76558875,5.08599,5.74782075,6.4357335,104,107.64,111.4074,115.306659,119.3423921,734.9265,782.649,837.459,935.55,1004.653125,"12,950","13,875","14,800","15,725","16,650","18,500",1,1.05,1.1,1.15,1.2,0.94,1.0152,1.096416,1.18412928,1.278859622,8050,11.5,28.75,180,90,0.0003605246395,0.00001802623197,1,3
9,9,0.042,40,7,166,0.65,2,1.55,0.375,0.2,5,0.00001638748361,0.479,1.4625,2.1,22.5,18.22,51,78,11.2,11.48,11.767,12.061175,12.36270438,1.9912,3.012471,4.068792,4.5982566,5.1485868,156.8,162.288,167.96808,173.8469628,179.9316065,725.382,779.743125,834.48225,930.3525,999.3375,"14,350","15,375","16,400","17,425","18,450","20,500",1,1.05,1.1,1.15,1.2,0.94,1.0152,1.096416,1.18412928,1.278859622,8750,11,27.5,160,80,0.0003277496723,0.00001638748361,0.975,2.925
10,10,0.045,45,9,200,0.7,2.6,1.8,0.45,0.22,5,0.00001638748361,0.46463,1.4844375,2.75,18,18,64.8,72,14.2,14.555,14.918875,15.29184688,15.67414305,1.59296,2.4099768,3.2550336,3.67860528,4.11886944,207.2,214.452,221.95782,229.7263437,237.7667657,715.8375,777.805875,831.5055,925.155,994.021875,"15,750","16,875","18,000","19,125","20,250","22,500",1,1.05,1.1,1.15,1.2,0.94,1.0152,1.096416,1.18412928,1.278859622,9450,12,30,140,70,0.0003277496723,0.00001638748361,0.989625,2.968875
11,11,0.05625,49.5,11,195,0.75,3.3,2.2,0.475,0.275,5,0.00001638748361,0.4506911,1.506704063,3.35,17,20.57,80.2,68,17.6,18.04,18.491,18.953275,19.42710688,1.354016,2.04848028,2.76677856,3.126814488,3.501039024,277.6,287.316,297.37206,307.7800821,318.552385,706.293,767.151,828.52875,917.8785,988.70625,"16,800","18,000","19,200","20,400","21,600","24,000",1,1.05,1.1,1.15,1.2,0.94,1.0152,1.096416,1.18412928,1.278859622,10150,12.5,31.25,130,65,0.0003277496723,0.00001638748361,1.004469375,3.013408125
12,12,0.0703125,54.45,13,184,0.8,4,2.5,0.5,0.3,5,0.00001638748361,0.437170367,1.529304623,4.4,16,23.04,99.7,63,21.9,22.4475,23.0086875,23.58390469,24.1735023,1.2186144,1.843632252,2.490100704,2.814133039,3.150935122,388,401.58,415.6353,430.1825355,445.2389242,696.7485,756.496125,823.5675,913.7205,981.264375,"17,500","18,750","20,000","21,250","22,500","25,000",1,1.05,1.1,1.15,1.2,0.945,1.0206,1.102248,1.19042784,1.285662067,11550,14.992215,37.4805375,120,60,0.0003277496723,0.00001638748361,1.019536416,3.058609247
13,13,0.116015625,59.895,14,120,0.85,4.75,2.8,0.525,0.33,5,0.00001655135845,0.424055256,1.552244193,5.5,15,25.35,121.8,58,26.7,27.3675,28.0516875,28.75297969,29.47180418,1.09675296,1.659269027,2.241090634,2.532719735,2.835841609,504,521.64,539.8974,558.793809,578.3515923,691.97625,737.123625,792.80775,872.1405,936.613125,"18,200","19,500","20,800","22,100","23,400","26,000",1,1.05,1.1,1.15,1.2,0.95,1.026,1.10808,1.1967264,1.292464512,12250,13.992734,34.981835,110,55,0.000331027169,0.00001655135845,1.034829462,3.104488386
14,14,0.2146289063,65.8845,15,69,0.9,5.55,3.1,0.55,0.36,5,0.00001671687203,0.4113335983,1.575527856,7.7,3,5.88,146.6,55,32.2,33.005,33.830125,34.67587813,35.54277508,0.987077664,1.493342124,2.01698157,2.279447762,2.552257448,600,621,642.735,665.230725,688.5138004,688.82,732.2805,787.8465,866.943,931.2975,"19,600","21,000","22,400","23,800","25,200","28,000",1,1.05,1.1,1.15,1.2,0.955,1.0314,1.113912,1.20302496,1.299266957,13125,11.993772,29.98443,110,55,0.0003343374407,0.00001671687203,1.050351904,3.151055711
15,15,0.3219433594,82.355625,16,49,0.95,6.35,3.4,0.575,0.39,5,0.00001688404075,0.3989935904,1.599160774,10.204,1,2.25,174.2,55,38.3,39.2575,40.2389375,41.24491094,42.27603371,0.8883698976,1.344007912,1.815283413,2.051502986,2.297031704,736,761.76,788.4216,816.016356,844.5769285,685.79,727.437375,782.88525,860.706,923.855625,"21,000","22,500","24,000","25,500","27,000","30,000",1,1.05,1.1,1.15,1.2,0.96,1.0368,1.119744,1.20932352,1.306069402,14000,8.995329,22.4883225,110,55,0.0003376808151,0.00001688404075,1.066107182,3.198321547
16,16,0.4829150391,102.9445313,17,35,1,7.25,3.75,0.6,0.42,5,0.00001705288116,0.3870237827,1.623148185,14.948,0.5,1.28,204.8,55,45,46.125,47.278125,48.46007813,49.67158008,0.7995329078,1.209607121,1.633755072,1.846352687,2.067328533,880,910.8,942.678,975.67173,1009.820241,713.2216,741.9861225,798.542955,877.92012,960.80985,"22,400","24,000","25,600","27,200","28,800","32,000",1,1.05,1.1,1.15,1.2,0.965,1.0422,1.125576,1.21562208,1.312871846,15050,7.4961075,18.74026875,110,55,0.0003410576232,0.00001705288116,1.08209879,3.24629637
17,17,0.7243725586,128.6806641,18,24,1.05,8.25,4.1,0.625,0.5,5,0.00001709551336,0.3754130692,1.647495408,20.379,0.5,1.445,238.3,55,52.4,53.71,55.05275,56.42906875,57.83979547,0.6955936298,1.052358195,1.421366913,1.606326838,1.798575824,1012,1047.42,1084.0797,1122.02249,1161.293277,741.750464,756.825845,814.5138141,895.4785224,999.242244,"23,800","25,500","27,200","28,900","30,600","34,000",1,1.05,1.1,1.15,1.2,0.97,1.0476,1.131408,1.22192064,1.319674291,16100,5.996886,14.992215,110,55,0.0003419102673,0.00001709551336,1.098330272,3.294990816
18,18,0.8692470703,160.8508301,20,23,1.1,9.3,4.45,0.65,0.6,5,0.00001713825215,0.3641506771,1.672207839,27.285,0.4,1.296,278.7,55,61.3,62.8325,64.4033125,66.01339531,67.6637302,0.6051664579,0.9155516295,1.236589214,1.397504349,1.564760967,1200,1242,1285.47,1330.46145,1377.027601,756.5854733,771.9623618,830.8040904,913.3880928,1039.211934,"25,200","27,000","28,800","30,600","32,400","36,000",1,1.05,1.1,1.15,1.2,0.975,1.053,1.13724,1.2282192,1.326476736,17150,3.4981835,8.74545875,110,55,0.0003427650429,0.00001713825215,1.114805226,3.344415678
19,19,1.043096484,201.0635376,22,21,1.15,10,4.75,0.675,0.7,5,0.00001718109778,0.3532261568,1.697290957,35,0.3,1.083,346.3,50,76.1,78.0025,79.9525625,81.95137656,84.00016098,0.5264948184,0.7965299177,1.075832616,1.215828783,1.361342041,1400,1449,1499.715,1552.205025,1606.532201,764.151328,787.4016091,847.4201722,931.6558547,1080.780411,"26,600","28,500","30,400","32,300","34,200","38,000",1,1.05,1.1,1.15,1.2,0.975,1.053,1.13724,1.2282192,1.326476736,17150,2.125,5.3125,110,55,0.0003436219556,0.00001718109778,1.131527304,3.394581913
20,20,1.251715781,251.329422,24,19,1.2,11,5,0.7,0.8,5,0.00001722405052,0.3426293721,1.722750321,43,0.25,1,465,50,102.3,104.8575,107.4789375,110.1659109,112.9200587,0.458050492,0.6929810284,0.935974376,1.057771042,1.184367576,1560,1614.6,1671.111,1729.599885,1790.135881,771.7928413,803.1496413,864.3685756,950.2889718,1124.011628,"27,300","29,250","31,200","33,150","35,100","39,000",1,1.05,1.1,1.15,1.2,0.975,1.053,1.13724,1.2282192,1.326476736,17150,1.275,3.1875,100,50,0.0003444810104,0.00001722405052,1.148500214,3.445500642
21,21,1.502058938,314.1617775,26,17,1.3,12,5.25,0.75,0.84,5,0.00001726711065,0.3323504909,1.748591576,51,0.22,0.9702,528.2,50,116.2,119.105,122.082625,125.1346906,128.2630579,0.3985039281,0.6028934947,0.8142977071,0.9202608062,1.030399791,1720,1780.2,1842.507,1906.994745,1973.739561,779.5107697,819.2126341,881.6559471,969.2947512,1168.972093,"28,000","30,000","32,000","34,000","36,000","40,000",1,1.05,1.1,1.15,1.2,0.975,1.053,1.13724,1.2282192,1.326476736,17150,1.1,2.75,100,50,0.000345342213,0.00001726711065,1.165727717,3.497183152
#,,,,,,,,,,,,,,,,,,temp_modifiers,,weight modifiers,,,,tert,1.56,1.8125,2.06,2.25,2.44,Shell Weight Modifier,,,,,Shell Speed Modifier,,,,,range modifiers,,,,,,,,,,,penetration,,,,,,,,100,,,,,
#,,,,,,,,,,,,,,,,,,0.016,,1,,,,sec,1.31,1.75,2,2.05,2.1,1.035,,,,,1.01,1.025,1.05,1.1,1.125,0.7,0.75,0.8,0.85,0.9,base,,,,,,,1.08,1.1,1.12,1.15,,,,,,,,,
#,,,,,,,,,,,,,,,,,,0.1,,0.22,,,,main,1.31,1.75,2.06,2.1,2.15,,,,,,,,,,,0.45,0.5,0.55,0.75,1,old,,,,,,,,,,,,,,,Old Shell Velocities,,,,
#,,0.033,,,,,,,,,,,,,,,,,,,,,,,,,,,,,,,,,,,,,,,,,,,,,,,,,,,,,,,,,784.35,812.7,848.61,926.1,982.8,
#,,0.036,,,,,,,,,,,,,,,,,,,,,,,,,,,,,,,,,,,,,,,,,,,,,,,,,,,,,,,,,774.9,803.25,838.215,893.025,945,
#,,0.039,,,,,,,,,,,,,,,,,,,,,,,,,,,,,,,,,,,,,,,,,,,,,,,,,,,,,,,,,765.45,793.8,827.82,878.85,916.65,
#,,,,,,,,,,,,,,,,,,,,,,,,,,,,,,,,,,,,,,,,,,,,,,,,,,,,,,,,,,,756,784.35,818.37,864.675,907.2,
#,,,,,,,,,,,,,,,,,,,,,,,,,,,,,,,,,,,,,,,,,,,,,,,,,,,,,,,,,,,746.55,774.9,807.975,859.95,902.475,
#,,,,,,,,,,,,,,,,,,,,,,,,,,,,,,,,,,,,,,,,,,,,,,,,,,,,,,,,,,,737.1,765.45,800.415,855.225,897.75,
#,,,,,,,,,,,,,,,,,,,,,,,,,,,,,,,,,,,,,,,,,,,,,,,,,,,,,,,,,,,727.65,763.56,797.58,850.5,893.025,
#,,,,,,,,,,,,,,,,,,,,,,,,,,,,,,,,,,,,,,,,,,,,,,,,,,,,,,,,,,,718.2,760.725,794.745,845.775,888.3,
#,,,,,,,,,,,,,,,,,,,,,,,,,,,,,,,,,,,,,,,,,,,,,,,,,,,,,,,,,,,708.75,758.835,791.91,841.05,883.575,
#,,,,,,,,,,,,,,,,,,,,,,,,,,,,,,,,,,,,,,,,,,,,,,,,,,,,,,,,,,,699.3,748.44,789.075,834.435,878.85,
#,,,,,,,,,,,,,,,,,,,,,,,,,,,,,,,,,,,,,,,,,,,,,,,,,,,,,,,,,,,689.85,738.045,784.35,830.655,872.235,
#,,,,,,,,,,,,,,,,,,,,,,,,,,,,,,,,,,,,,,,,,,,,,,,,,,,,,,,,,,,685.125,719.145,755.055,792.855,832.545,
#,,,,,,,,,,,,,,,,,,,,,,,,,,,,,,,,,,,,,,,,,,,,,,,,,,,,,,,,,,,682,714.42,750.33,788.13,827.82,
#,,,,,,,,,,,,,,,,,,,,,,,,,,,,,,,,,,,,,,,,,,,,,,,,,,,,,,,,,,,679,709.695,745.605,782.46,821.205,
#,,,,,,,,,,,,,,,,,,,,,,,,,,,,,,,,,,,,,,,,,,,,,,,,,,,,,,,,,,,675,704.97,739.935,776.79,815.535,
#,,,,,,,,,,,,,,,,,,,,,,,,,,,,,,,,,,,,,,,,,,,,,,,,,,,,,,,,,,,670,694.575,729.54,766.395,805.14,
#,,"formula for hit chance info:
* K - chance to hit at max range, very important, set values like from 0.005 to 0.03
* x - range ratio, 0 is point blank, 1 is max firing distance
* new formula: chance = K^(x^b)*C
* from: http://navweaps.com/index_inro/INRO_Hood_p4.htm
* old formula: chance = K + (1-K) * ( 1 - x^a )
* a=0.3, b=1 - affecting constant
* K=0.005 - very poor, K=0.05 - very good
* C=1 - constant multiplier",,,,,,,,,,,,,,,,,,,,,,,,,,,,,,,,,,,,,,,,,,,,,,,,,,,,,,,,,665,685.125,719.145,755.055,792.855,
#,,,,,,,,,,,,,,,,,,,,,,,,,,,,,,,,,,,,,,,,,,,,,,,,,,,,,,,,,,,660,650,690,715,730,
#,,,,,,,,,,,,,,,,,,,,,,,,,,,,,,,,,,,,,,,,,,,,,,,,,,,,,,,,,,,655,640,680,705,720,
#,,graph:,,https://www.desmos.com/calculator/effnz2qzri,,,,,,,,,,,,,,,,,,,,,,,,,,,,,,,,,,,,,,,,,,,,,,,,13.5,14.85,15.75,16.65,17.55,12.15,13.365,14.175,14.985,15.795,,,
#,,,,,,,,,,,,,,,,,,,,,,,,,,,,,,,,,,,,,,,,,,,,,,,,,,,,11.25,12.15,13.05,13.95,14.85,10.125,10.935,11.745,12.555,13.365,,,
#,,accuracy calculation (percent):,,,,,,,,,,,,,,,,,,,,,,,,,,,,,,,,,,,,,,,,,,,,,,,,,,6.8,8.06,8.69,9.32,9.95,6.12,7.254,7.821,8.388,8.955,,,
#,,0,,5,10,15,20,25,30,35,40,45,50,55,60,65,,70,75,,80,85,90,95,100,,,,,,,,,,,,,,,,,,,,,,,,,,,3.78,4.41,5.04,5.67,6.3,3.402,3.969,4.536,5.103,5.67,,,
#,1,484.251,,36.49,13.82,6.66,3.63,2.14,1.33,0.86,0.57,0.39,0.27,0.2,0.14,0.1,,0.08,0.06,,0.04,0.03,0.02,0.02,0.01,,,,,,,,,,,,,,,,,,,,,,,,,,,2.8,3.15,3.78,4.41,5.04,3.08,3.465,4.158,4.851,5.544,,,
#,2,440.228,,32.39,12.15,5.82,3.15,1.85,1.14,0.74,0.49,0.33,0.23,0.16,0.12,0.09,,0.06,0.05,,0.03,0.02,0.02,0.01,0.01,,,,,,,,,,,,,,,,,,,,,,,,,,,2.8,3.15,3.78,4.41,5.04,3.08,3.465,4.158,4.851,5.544,,,
#,3,314.448,,22.58,8.4,3.99,2.15,1.25,0.77,0.49,0.33,0.22,0.15,0.11,0.08,0.05,,0.04,0.03,,0.02,0.01,0.01,0.01,0,,,,,,,,,,,,,,,,,,,,,,,,,,,2.4,2.52,2.835,3.15,3.465,2.64,2.772,3.1185,3.465,3.8115,,,
#,4,224.606,,15.75,5.8,2.74,1.47,0.85,0.52,0.33,0.22,0.15,0.1,0.07,0.05,0.03,,0.02,0.02,,0.01,0.01,0,0,0,,,,,,,,,,,,,,,,,,,,,,,,,,,1.79,2.079,2.457,2.709,2.961,2.0585,2.39085,2.82555,3.11535,3.40515,,,
#,5,204.187,,13.97,5.1,2.39,1.27,0.73,0.45,0.28,0.19,0.12,0.08,0.06,0.04,0.03,,0.02,0.01,,0.01,0.01,0,0,0,,,,,,,,,,,,,,,,,,,,,,,,,,,1.6,1.89,2.205,2.52,2.772,1.84,2.1735,2.53575,2.898,3.1878,,,
#,6,185.625,,12.4,4.49,2.09,1.11,0.63,0.38,0.24,0.16,0.1,0.07,0.05,0.03,0.02,,0.02,0.01,,0.01,0,0,0,0,,,,,,,,,,,,,,,,,,,,,,,,,,,1.275,1.485,1.845,2.07,2.295,1.46625,1.70775,2.12175,2.3805,2.63925,,,
#,7,168.75,,11.93,4.3,1.99,1.04,0.59,0.36,0.22,0.14,0.09,0.06,0.04,0.03,0.02,,0.01,0.01,,0,0,0,0,0,,,,,,,,,,,,,,,,,,,,,,,,,,,1.063125,1.4175,1.771875,1.935,2.025,1.22259375,1.630125,2.03765625,2.22525,2.32875,,,
#,8,150,,10.36,3.7,1.7,0.89,0.5,0.3,0.19,0.12,0.08,0.05,0.03,0.02,0.02,,0.01,0.01,,0,0,0,0,0,,,,,,,,,,,,,,,,,,,,,,,,,,,0.83916,1.251,1.53,1.71,1.89,0.965034,1.43865,1.7595,1.9665,2.1735,,,
#,9,146.25,,10.6,3.77,1.72,0.89,0.5,0.29,0.18,0.12,0.07,0.05,0.03,0.02,0.01,,0.01,0,,0,0,0,0,0,,,,,,,,,,,,,,,,,,,,,,,,,,,0.693,0.9702,1.2474,1.44,1.62,0.79695,1.11573,1.43451,1.656,1.863,,,
#,10,148.443,,9.59,3.38,1.54,0.8,0.45,0.27,0.17,0.11,0.07,0.05,0.03,0.02,0.01,,0.01,0,,0,0,0,0,0,,,,,,,,,,,,,,,,,,,,,,,,,,,0.61803,0.89271,1.16739,1.35,1.53,0.7107345,1.0266165,1.3424985,1.5525,1.7595,,,
#,11,150.67,,8.66,3.03,1.38,0.72,0.41,0.24,0.15,0.1,0.06,0.04,0.03,0.02,0.01,,0.01,0,,0,0,0,0,0,,,,,,,,,,,,,,,,,,,,,,,,,,,0.598752,0.857304,1.08864,1.26,1.4175,0.6885648,0.9858996,1.251936,1.449,1.630125,,,
#,12,152.93,,7.81,2.72,1.24,0.65,0.37,0.22,0.14,0.09,0.06,0.04,0.03,0.02,0.01,,0.01,0,,0,0,0,0,0,,,,,,,,,,,,,,,,,,,,,,,,,,,0.571536,0.843696,0.95256,1.08,1.27575,0.6572664,0.9702504,1.095444,1.242,1.4671125,,,
#,13,155.224,,7.05,2.45,1.12,0.59,0.34,0.2,0.13,0.08,0.06,0.04,0.03,0.02,0.01,,0.01,0,,0,0,0,0,0,,,,,,,,,,,,,,,,,,,,,,,,,,,0.54432,0.81648,0.88452,0.99,1.134,0.625968,0.938952,1.017198,1.1385,1.3041,,,
#,14,157.552,,6.37,2.21,1.01,0.54,0.31,0.19,0.12,0.08,0.05,0.04,0.02,0.02,0.01,,0.01,0,,0,0,0,0,0,,,,,,,,,,,,,,,,,,,,,,,,,,,0.530712,0.789264,0.843696,0.9,0.99225,0.6103188,0.9076536,0.9702504,1.035,1.1410875,,,
#,15,159.916,,5.74,1.99,0.92,0.49,0.28,0.17,0.11,0.07,0.05,0.03,0.02,0.02,0.01,,0.01,0,,0,0,0,0,0,,,,,,,,,,,,,,,,,,,,,,,,,,,,,,,,,,,,,,,
#,16,162.314,,5.18,1.79,0.83,0.44,0.26,0.16,0.1,0.07,0.05,0.03,0.02,0.01,0.01,,0.01,0,,0,0,0,0,0,,,,,,,,,,,,,,,,,,,,,,,,,,,,,,,,,,,,,,,
#,17,164.749,,4.66,1.61,0.75,0.4,0.24,0.15,0.1,0.06,0.04,0.03,0.02,0.01,0.01,,0.01,0,,0,0,0,0,0,,,,,,,,,,,,,,,,,,,,,,,,,,,,,,,,,,,,,,,
#,18,167.22,,4.19,1.45,0.68,0.37,0.22,0.14,0.09,0.06,0.04,0.03,0.02,0.01,0.01,,0.01,0,,0,0,0,0,0,,,,,,,,,,,,,,,,,,,,,,,,,,,,,,,,,,,,,,,
#,19,169.729,,3.76,1.3,0.61,0.33,0.2,0.13,0.08,0.06,0.04,0.03,0.02,0.01,0.01,,0.01,0,,0,0,0,0,0,,,,,,,,,,,,,,,,,,,,,,,,,,,,,,,,,,,,,,,
#,20,172.275,,3.38,1.17,0.56,0.31,0.18,0.12,0.08,0.05,0.04,0.03,0.02,0.01,0.01,,0.01,0,,0,0,0,0,0,,,,,,,,,,,,,,,,,,,,,,,,,,,,,,,,,,,,,,,
#,21,174.859,,3.04,1.06,0.5,0.28,0.17,0.11,0.07,0.05,0.03,0.02,0.02,0.01,0.01,,0.01,0,,0,0,0,0,0,,,,,,,,,,,,,,,,,,,,,,,,,,,,,,,,,,,24.5,28.1995,,,
,,,,,,,,,,,,,,,,,,,,,,,,,,,,,,,,,,,,,,,,,,,,,,,,,,,,,,,,,,,,,,,,
#,,0,,500,1000,1500,2000,2500,3000,3500,4000,4500,5000,6000,7000,8000,,9000,10000,,11000,12000,13000,14000,15000,17000,20000,23000,26000,29000,32000,35000,38000,41000,44000,47000,50000,53000,,,,,,,,,,,,,,,,,,,,,,22.5,25.8975,,,
#,1,100,,24.627,8.046,3.473,1.727,0.939,0.543,0.33,0.208,0.135,0.089,0.042,0.021,0,,0,0,,0,0,0,0,0,0,0,0,0,0,0,0,0,0,0,0,0,0,,,,,,,,,,,,,,,,,,,,,,20,23.02,,,
#,2,100,,24.632,8.342,3.699,1.881,1.043,0.614,0.379,0.242,0.159,0.107,0.052,0.026,0.014,,0,0,,0,0,0,0,0,0,0,0,0,0,0,0,0,0,0,0,0,0,,,,,,,,,,,,,,,,,,,,,,20,23.02,,,
#,3,100,,20.098,7.154,3.294,1.728,0.984,0.594,0.375,0.244,0.164,0.112,0.056,0.029,0.016,,0.009,0,,0,0,0,0,0,0,0,0,0,0,0,0,0,0,0,0,0,0,,,,,,,,,,,,,,,,,,,,,,17.5,20.1425,,,
#,4,100,,15.364,5.611,2.633,1.403,0.811,0.495,0.316,0.208,0.141,0.098,0.049,0.026,0.015,,0.008,0,,0,0,0,0,0,0,0,0,0,0,0,0,0,0,0,0,0,0,,,,,,,,,,,,,,,,,,,,,,16,18.416,,,
#,5,100,,14.836,5.542,2.645,1.43,0.836,0.517,0.333,0.221,0.151,0.106,0.054,0.029,0.017,,0.01,0.006,,0,0,0,0,0,0,0,0,0,0,0,0,0,0,0,0,0,0,,,,,,,,,,,,,,,,,,,,,,14,16.114,,,
#,6,100,,14.234,5.426,2.629,1.439,0.851,0.531,0.345,0.232,0.16,0.112,0.058,0.032,0.018,,0.011,0.006,,0.004,0,0,0,0,0,0,0,0,0,0,0,0,0,0,0,0,0,,,,,,,,,,,,,,,,,,,,,,13,14.963,,,
#,7,100,,14.693,5.739,2.822,1.56,0.929,0.583,0.381,0.257,0.177,0.125,0.065,0.036,0.021,,0.012,0.007,,0.004,0,0,0,0,0,0,0,0,0,0,0,0,0,0,0,0,0,,,,,,,,,,,,,,,,,,,,,,3.85,4.43135,,,
#,8,100,,14.07,5.655,2.842,1.6,0.968,0.617,0.408,0.278,0.194,0.138,0.074,0.041,0.024,,0.015,0.009,,0.006,0.003,0,0,0,0,0,0,0,0,0,0,0,0,0,0,0,0,,,,,,,,,,,,,,,,,,,,,,3.6,4.1436,,,
#,9,100,,16.09,6.747,3.489,2.009,1.238,0.801,0.537,0.371,0.262,0.189,0.103,0.059,0.035,,0.021,0.013,,0.008,0.005,0.003,0.002,0,0,0,0,0,0,0,0,0,0,0,0,0,0,,,,,,,,,,,,,,,,,,,,,,3.45,3.97095,,,
#,10,100,,16.152,6.953,3.686,2.173,1.37,0.905,0.62,0.436,0.314,0.23,0.13,0.077,0.047,,0.03,0.019,,0.013,0.008,0.006,0.004,0.003,0,0,0,0,0,0,0,0,0,0,0,0,0,,,,,,,,,,,,,,,,,,,,,,3.3,3.7983,,,
#,11,100,,15.712,6.858,3.691,2.208,1.413,0.947,0.657,0.469,0.342,0.255,0.147,0.089,0.056,,0.036,0.024,,0.016,0.011,0.008,0.005,0.004,0,0,0,0,0,0,0,0,0,0,0,0,0,,,,,,,,,,,,,,,,,,,,,,3.15,3.62565,,,
#,12,100,,14.898,6.533,3.544,2.14,1.382,0.935,0.655,0.472,0.348,0.261,0.153,0.095,0.061,,0.04,0.027,,0.018,0.013,0.009,0.006,0.005,0.002,0,0,0,0,0,0,0,0,0,0,0,0,,,,,,,,,,,,,,,,,,,,,,3.1,3.5681,,,
#,13,100,,14.117,6.222,3.403,2.073,1.35,0.922,0.652,0.474,0.352,0.267,0.16,0.1,0.065,,0.044,0.03,,0.021,0.015,0.011,0.008,0.006,0.003,0,0,0,0,0,0,0,0,0,0,0,0,,,,,,,,,,,,,,,,,,,,,,3.05,3.51055,,,
#,14,100,,13.841,6.204,3.449,2.134,1.411,0.977,0.7,0.516,0.388,0.297,0.182,0.117,0.078,,0.053,0.037,,0.026,0.019,0.014,0.01,0.008,0.004,0,0,0,0,0,0,0,0,0,0,0,0,,,,,,,,,,,,,,,,,,,,,,3,3.453,,,
#,15,100,,13.48,6.13,3.457,2.168,1.453,1.019,0.739,0.551,0.419,0.325,0.203,0.133,0.09,,0.063,0.045,,0.032,0.024,0.018,0.013,0.01,0.006,0.003,0,0,0,0,0,0,0,0,0,0,0,,,,,,,,,,,,,,,,,,,,,,2.95,3.39545,,,
#,16,100,,13.053,6.01,3.433,2.18,1.477,1.048,0.768,0.578,0.444,0.348,0.222,0.148,0.102,,0.072,0.052,,0.038,0.029,0.022,0.017,0.013,0.008,0.004,0,0,0,0,0,0,0,0,0,0,0,,,,,,,,,,,,,,,,,,,9,0.775,0.891,0.34,0.306,,,
#,17,100,,12.553,5.84,3.373,2.164,1.482,1.061,0.786,0.597,0.463,0.365,0.237,0.16,0.112,,0.08,0.059,,0.044,0.033,0.026,0.02,0.016,0.01,0.005,0.003,0,0,0,0,0,0,0,0,0,0,,,,,,,,,,,,,,,,,,,10,1.060875,1.353,0.34,0.306,,,
#,18,100,,12.018,5.643,3.291,2.132,1.474,1.065,0.795,0.609,0.476,0.379,0.249,0.171,0.121,,0.088,0.065,,0.05,0.038,0.03,0.023,0.018,0.012,0.006,0.004,0,0,0,0,0,0,0,0,0,0,,,,,,,,,,,,,,,,,,,11,1.553227088,2.058,0.34,0.306,,,
#,19,100,,11.458,5.424,3.192,2.087,1.455,1.06,0.798,0.616,0.485,0.388,0.259,0.18,0.129,,0.095,0.071,,0.055,0.042,0.033,0.027,0.021,0.014,0.008,0.005,0.003,0,0,0,0,0,0,0,0,0,,,,,,,,,,,,,,,,,,,11,1.553227088,2.058,0.34,0.306,,,
#,20,100,,10.625,5.035,2.974,1.953,1.368,1.001,0.757,0.587,0.465,0.374,0.252,0.176,0.128,,0.095,0.072,,0.055,0.043,0.034,0.027,0.022,0.015,0.008,0.005,0.003,0,0,0,0,0,0,0,0,0,,,,,,,,,,,,,,,,,,,11,1.553227088,2.058,0.34,0.306,,,
#,21,100,,9.837,4.667,2.767,1.825,1.284,0.945,0.718,0.559,0.445,0.359,0.244,0.173,0.126,,0.094,0.072,,0.056,0.044,0.035,0.028,0.023,0.016,0.009,0.006,0.003,0,0,0,0,0,0,0,0,0,,,,,,,,,,,,,,,,,,,12,2.1998304,3.3,0.34,0.306,,,
#,,,,,,,,,,,,,,,,,,,,,,,,,,,,,,,,,,,,,,,,,,,,,,,,,,,,,,,,,13,3.029965088,4.848,0.34,0.306,,,
#,,,,,,,,,,,,,,,,,,,,,,,,,,,,,,,,,,,,,,,,,,,,,,,,,,,,,,,,,14,4.0754574,6.928,0.34,0.306,,,
#,,,Hit Chance (%),,,,16,,,,,,,,,,,,,,,,,,,,,,,,,,,,,,,,,,,,,,,,,,,,,,,,,,15,5.370679688,10.204,0.35,0.315,,,
#,,,Turrets,,,,4,,,,,,,,,,,,,,,,,,,,,,,,,,,,,,,,,,,,,,,,,,,,,,,,,,16,6.9525504,14.948,0.36,0.324,,,
#,,,Barrels,,,,2,,,,,,,,,,,,,,,,,,,,,,,,,,,,,,,,,,,,,,,,,,,,,,,,,,17,8.860534088,20.379,0.41,0.369,,,
#,,,Barrels Total,,,,8,,,,,,,,,,,,,,,,,,,,,,,,,,,,,,,,,,,,,,,,,,,,,,,,,,18,11.1366414,27.285,0.42,0.378,,,
#,,,Salvo Hit Chance (%),,,,75.2,,,,,,,,,,,,,,,,,,,,,,,,,,,,,,,,,,,,,,,,,,,,,,,,,,,,,0.43,0.387,,,
#,,,,,,,,,,,,,,,,,,,,,,,,,,,,,,,,,,,,,,,,,,,,,,,,,,,,,,,,,,,,0.44,0.396,,,
#,,,,,,,,,,,,,,,,,,,,,,,,,,,,,,,,,,,,,,,,,,,,,,,,,,,,,,,,,,,,0.45,0.405,,,
#,,,,,,,,,,,,,,,,,,,,,,,,,,,,,,,,,,,,,,,,,,,,,,,,,,,,,,,,,,,,0.46,0.414,,,
#,,,,,,,,,,,,,,,,,,,,,,,,,,,,,,,,,,,,,,,,,,,,,,,,,,,,,,,,,,,,0.47,0.423,,,
#,,,,,,,,,,,,,,,,,,,,,,,,,,,,,,,,,,,,,,,,,,,,,,,,,,,,,,,,,,,,0.48,0.432,,,
#,,,,,,,,,,,,,,,,,,,,,,,,,,,,,,,,,,,,,,,,,,,,,,,,,,,,,,,,,,,,0.5,0.45,,,
#,,,,,,,,,,,,,,,,,,,,,,,,,,,,,,,,,,,,,,,,,,,,,,,,,,,,,,,,,,,,0.52,0.468,,,
#,,,,,,,,,,,,,,,,,,,,,,,,,,,,,,,,,,,,,,,,,,,,,,,,,,,,,,,,,,,,,,,,
#,,,,,,,,,,,,,,,,,,,,,,,,,,,,,,,,,,,,,,,,,,,,,,,,,,,,,,,,,,,,,,,,
#,,,,,,,,,,,,,,,,,,,,,,,,,,,,,,,,,,,,,,,,,,,,,,,,,,,,,,,,,,,,,,,,
ironclad_virginia_5,5,10.948608,442.368,7.5,0,0.09,0.8,0.95,0.95,0.05,2,0.00082,0.59426376,19.2375,0.2,10,2.5,8.4,110,1.2,1.23,1.26075,1.29226875,1.324575469,1.94,2.037,2.13885,2.2457925,2.358082125,3,3.15,3.3075,3.472875,3.64651875,385,394.625,404.490625,414.6028906,424.9679629,"2,600","2,730","2,867","3,010","3,160","3,318",1,1.05,1.1,1.15,1.2,0.24,0.246,0.25215,0.25845375,0.2649150938,5950,15.725,17.612,0.87,1.74,0.234,0.468,6.75,20.925
ironclad_virginia_6,6,5.474304,221.184,10,1,0.11,0.95,1,1.15,0.05,3,0.00082,0.6255408,19.2375,0.3,10,3.6,10.157,105,1.451,1.487275,1.524456875,1.562568297,1.601632504,1.7,1.785,1.87425,1.9679625,2.066360625,4,4.2,4.41,4.6305,4.862025,377.3,386.7325,396.4008125,406.3108328,416.4686036,"2,900","3,045","3,197","3,357","3,525","3,701",1,1.05,1.1,1.15,1.2,0.24,0.246,0.25215,0.25845375,0.2649150938,6650,14.985,16.7832,0.75,1.5,0.222,0.444,6.75,20.925
ironclad_virginia_7,7,2.737152,110.592,11,4,0.14,1.25,1.15,0.65,0.1,1.1,0.00082,0.658464,19.2375,0.5,11.5,5.63,14.287,100,2.041,2.092025,2.144325625,2.197933766,2.25288211,1.58,1.659,1.74195,1.8290475,1.920499875,11,11.55,12.1275,12.733875,13.37056875,369.754,378.99785,388.4727963,398.1846162,408.1392316,"3,200","3,360","3,528","3,704","3,890","4,084",1,1.05,1.1,1.15,1.2,0.24,0.246,0.25215,0.25845375,0.2649150938,7350,14.5225,16.2652,0.69,1.38,0.216,0.432,6.75,20.925
ironclad_virginia_8,8,1.368576,55.296,13,9,0.18,1.5,1.3,0.55,0.05,0.9,0.00082,0.69312,19.2375,0.7,13.5,8.64,20.636,95,2.948,3.0217,3.0972425,3.174673563,3.254040402,1.36,1.428,1.4994,1.57437,1.6530885,22,23.1,24.255,25.46775,26.7411375,362.35892,371.417893,380.7033403,390.2209238,399.9764469,"3,500","3,675","3,859","4,052","4,254","4,467",1,1.05,1.1,1.15,1.2,0.24,0.246,0.25215,0.25845375,0.2649150938,8050,14.5225,16.2652,0.58,1.16,0.21,0.42,6.75,20.925
ironclad_virginia_9,9,0.684288,27.648,14,20,0.23,1.75,1.55,0.375,0.2,1,0.00082,0.7296,19.2375,0.95,13.5,10.93,28.574,90,4.082,4.18405,4.28865125,4.395867531,4.50576422,1.24,1.302,1.3671,1.435455,1.50722775,43,45.15,47.4075,49.777875,52.26676875,355.1117416,363.9895351,373.0892735,382.4165054,391.976918,"3,800","3,990","4,190","4,399","4,619","4,850",1,1.05,1.1,1.15,1.2,0.24,0.246,0.25215,0.25845375,0.2649150938,8750,15.2625,17.094,0.52,1.04,0.204,0.408,6.75,20.925
ironclad_virginia_10,10,0.57024,23.04,15,26,0.28,2.1,1.8,0.45,0.22,1.25,0.0007307685,0.768,3.6658125,1.4,13.5,13.5,38.101,85,5.443,5.579075,5.718551875,5.861515672,6.008053564,1,1.05,1.1025,1.157625,1.21550625,54,56.7,59.535,62.51175,65.6373375,348.0095068,356.7097444,365.627488,374.7681752,384.1373796,"4,100","4,305","4,520","4,746","4,984","5,233",1,1.05,1.1,1.15,1.2,0.24,0.246,0.25215,0.25845375,0.2649150938,9450,14.8,16.576,0.45,0.9,0.384,0.768,1.28625,3.987375
ironclad_virginia_11,11,0.4752,19.2,16,33,0.35,2.3,2.2,0.475,0.275,1.35,0.0007307685,0.792,3.6658125,2.2,12,14.52,49.84,80,7.12,7.298,7.48045,7.66746125,7.859147781,0.92,0.966,1.0143,1.065015,1.11826575,58,60.9,63.945,67.14225,70.4993625,342,350.55,359.31375,368.2965938,377.5040086,"4,400","4,620","4,851","5,094","5,348","5,616",1,1.05,1.1,1.15,1.2,0.24,0.246,0.25215,0.25845375,0.2649150938,10150,14.5225,16.2652,0.41,0.82,0.396,0.792,1.28625,3.987375
ironclad_virginia_12,12,0.396,16,17,42,0.4,2.5,2.5,0.5,0.3,1.4,0.0007307685,0.8,3.6658125,3.3,1,1.44,79.38,75,11.34,11.6235,11.9140875,12.21193969,12.51723818,0.78,0.819,0.85995,0.9029475,0.948094875,80,82.8,85.698,88.69743,91.80184005,340,348.5,357.2125,366.1428125,375.2963828,"4,700","4,935","5,182","5,441","5,713","5,999",1,1.05,1.1,1.15,1.2,0.24,0.246,0.25215,0.25845375,0.2649150938,11550,13.875,15.54,0.34,0.68,0.408,0.3672,1.28625,3.6658125
#,,,,,,,,,,,,,,,,,,,75,,,,,,,,,,,,,,,,,,,,,,,,,,,,,,,,,,,,,,,,,,,,,
ironclad_monitor_5,5,13.934592,564.0192,7.5,0,0.09,0.8,0.95,0.95,0.05,2,0.00082,0.59426376,19.2375,0.2,11.75,2.93,8.4,110,1.2,1.23,1.26075,1.29226875,1.324575469,1.92,2.016,2.1168,2.22264,2.333772,3.5,3.675,3.85875,4.0516875,4.254271875,385,394.625,404.490625,414.6028906,424.9679629,"2,600","2,730","2,867","3,010","3,160","3,318",1,1.05,1.1,1.15,1.2,0.25,0.25625,0.26265625,0.2692226563,0.2759532227,5950,15.725,17.612,0.86,1.72,0.234,0.468,6.75,20.925
ironclad_monitor_6,6,6.967296,282.0096,10,1,0.11,0.95,1,1.15,0.05,3,0.00082,0.6255408,19.2375,0.3,11.75,4.23,10.157,105,1.451,1.487275,1.524456875,1.562568297,1.601632504,1.68,1.764,1.8522,1.94481,2.0420505,4.3,4.515,4.74075,4.9777875,5.226676875,377.3,386.7325,396.4008125,406.3108328,416.4686036,"2,900","3,045","3,197","3,357","3,525","3,701",1,1.05,1.1,1.15,1.2,0.25,0.25625,0.26265625,0.2692226563,0.2759532227,6650,14.985,16.7832,0.74,1.48,0.222,0.444,6.75,20.925
ironclad_monitor_7,7,3.483648,141.0048,11,3,0.14,1.25,1.15,0.65,0.1,1.1,0.00082,0.658464,19.2375,0.5,11.75,5.75,14.287,100,2.041,2.092025,2.144325625,2.197933766,2.25288211,1.56,1.638,1.7199,1.805895,1.89618975,12,12.6,13.23,13.8915,14.586075,369.754,378.99785,388.4727963,398.1846162,408.1392316,"3,200","3,360","3,528","3,704","3,890","4,084",1,1.05,1.1,1.15,1.2,0.25,0.25625,0.26265625,0.2692226563,0.2759532227,7350,14.5225,16.2652,0.68,1.36,0.216,0.432,6.75,20.925
ironclad_monitor_8,8,1.741824,70.5024,13,7,0.18,1.5,1.3,0.55,0.05,0.9,0.00082,0.69312,19.2375,0.7,13.75,8.8,20.636,95,2.948,3.0217,3.0972425,3.174673563,3.254040402,1.34,1.407,1.47735,1.5512175,1.628778375,23.9,25.095,26.34975,27.6672375,29.05059938,362.35892,371.417893,380.7033403,390.2209238,399.9764469,"3,500","3,675","3,859","4,052","4,254","4,467",1,1.05,1.1,1.15,1.2,0.25,0.25625,0.26265625,0.2692226563,0.2759532227,8050,14.5225,16.2652,0.57,1.14,0.21,0.42,6.75,20.925
ironclad_monitor_9,9,0.870912,35.2512,14,16,0.23,1.75,1.55,0.375,0.2,1,0.00082,0.7296,19.2375,0.95,13.75,11.13,28.574,90,4.082,4.18405,4.28865125,4.395867531,4.50576422,1.22,1.281,1.34505,1.4123025,1.482917625,45,47.25,49.6125,52.093125,54.69778125,355.1117416,363.9895351,373.0892735,382.4165054,391.976918,"3,800","3,990","4,190","4,399","4,619","4,850",1,1.05,1.1,1.15,1.2,0.25,0.25625,0.26265625,0.2692226563,0.2759532227,8750,15.2625,17.094,0.51,1.02,0.204,0.408,6.75,20.925
ironclad_monitor_10,10,0.72576,29.376,15,20,0.28,2.1,1.8,0.45,0.22,1.25,0.0007307685,0.768,3.6658125,1.4,13.75,13.75,38.101,85,5.443,5.579075,5.718551875,5.861515672,6.008053564,0.98,1.029,1.08045,1.1344725,1.191196125,56.2,59.01,61.9605,65.058525,68.31145125,348.0095068,356.7097444,365.627488,374.7681752,384.1373796,"4,100","4,305","4,520","4,746","4,984","5,233",1,1.05,1.1,1.15,1.2,0.25,0.25625,0.26265625,0.2692226563,0.2759532227,9450,14.8,16.576,0.44,0.88,0.384,0.768,1.28625,3.987375
ironclad_monitor_11,11,0.6048,24.48,16,26,0.35,2.3,2.2,0.475,0.275,1.35,0.0007307685,0.792,3.6658125,2.2,12.75,15.42,49.84,80,7.12,7.298,7.48045,7.66746125,7.859147781,0.9,0.945,0.99225,1.0418625,1.093955625,61,64.05,67.2525,70.615125,74.14588125,345,353.625,362.465625,371.5272656,380.8154473,"4,400","4,620","4,851","5,094","5,348","5,616",1,1.05,1.1,1.15,1.2,0.25,0.25625,0.26265625,0.2692226563,0.2759532227,10150,14.5225,16.2652,0.4,0.8,0.396,0.792,1.28625,3.987375
ironclad_monitor_12,12,0.504,20.4,17,33,0.4,2.5,2.5,0.5,0.3,1.4,0.0007307685,0.8,3.6658125,3.3,1,1.44,79.38,75,11.34,11.6235,11.9140875,12.21193969,12.51723818,0.78,0.819,0.85995,0.9029475,0.948094875,80,82.8,85.698,88.69743,91.80184005,342,350.55,359.31375,368.2965938,377.5040086,"4,700","4,935","5,182","5,441","5,713","5,999",1,1.05,1.1,1.15,1.2,0.25,0.25625,0.26265625,0.2692226563,0.2759532227,11550,13.875,15.54,0.34,0.68,0.408,0.3672,1.28625,3.6658125
ironclad_monitor_13,13,0.42,17,18,42,0.45,2.8,2.8,0.525,0.325,1.45,0.0007307685,0.8,3.6658125,5.3,1,1.69,87.5,75,12.5,12.8125,13.1328125,13.46113281,13.79766113,0.68,0.714,0.7497,0.787185,0.82654425,100,103.5,107.1225,110.8717875,114.7523001,340,348.5,357.2125,366.1428125,375.2963828,"4,900","5,145","5,402","5,672","5,956","6,254",1,1.05,1.1,1.15,1.2,0.25,0.25625,0.26265625,0.2692226563,0.2759532227,11550,13.875,15.54,0.29,0.58,0.408,0.3672,1.28625,3.6658125
#,,,,,,,,,,,,,,,,,,,,,,,,,,,,,,,,,,,,,,,,,,,,,,,,,,,,,,,,,,,,,,,,
#,,,,,,,,,,,,,,,,,,,,,,,,,,,,,,,,,,,,,,,,,,,,,,,,,,,,,,,,,,,,,,,,
#,,,,,,,,,,,,,,,,,,,,,,,,,,,,,,,,,,,,,,,,,,,,,,,,,,,,,,,,,,,,,,,,
#,,,,,,,,,,,,,,,,,,,,,,,,,,,,,,,,,,,,,,,,,,,,,,,,,,,,,,,,,,,,,,,,
#,,,,,,,,,,,,,,,,,,,,,,,,,,,,,,,,,,,,,,,,,,,,,,,,,,,,,,,,,,,,,,,,
#,,,,,,,,,,,,,,,,,,,,,,,,,,,,,,,,,,,,,,,,,,,,,,,,,,,,,,,,,,,,,,,,
#,,,,,,,,,,,,,,,,,,,,,,,,,,,,,,,,,,,,,,,,,,,,,,,,,,,,,,,,,,,,,,,,
#,,,,,,,,,,,,,,,,,,,,,,,,,,,,,,,,,,,,,,,,,,,,,,,,,,,,,,,,,,,Firerate,,,,,
#,,,,,,,,,,,,,,,,,,,,,,,,,,,,,,,,,,,,,,,,,,,,,,,,,,,,,,,,,,,11,12,13,13.5,14,
#,,,,,,,,,,,,,,,,,,,,,,,,,,,,,,,,,,,,,,,,,,,,,,,,,,,,,,,,,,,9.72,10.692,11.34,11.988,12.636,
#,,,,,,,,,,,,,,,,,,,,,,,,,,,,,,,,,,,,,,,,,,,,,,,,,,,,,,,,,,,8.1,8.748,9.396,10.044,10.692,
#,,,,,,,,,,,,,,,,,,,,,,,,,,,,,,,,,,,,,,,,,,,,,,,,,,,,,,,,,,,4.896,5.8032,6.2568,6.7104,7.164,
#,,,,,,,,,,,,,,,,,,,,,,,,,,,,,,,,,,,,,,,,,,,,,,,,,,,,,,,,,,,3.51,3.87,4.275,4.95,5.49,
#,,,,,,,,,,,,,,,,,,,,,,,,,,,,,,,,,,,,,,,,,,,,,,,,,,,,,,,,,,,2.772,3.1185,3.7422,4.3659,4.815,
#,,,,,,,,,,,,,,,,,,,,,,,,,,,,,,,,,,,,,,,,,,,,,,,,,,,,,,,,,,,2.376,2.4948,2.80665,3.1185,3.43035,
#,,,,,,,,,,,,,,,,,,,,,,,,,,,,,,,,,,,,,,,,,,,,,,,,,,,,,,,,,,,1.9,2.151765,2.542995,2.803815,3.064635,
#,,,,,,,,,,,,,,,,,,,,,,,,,,,,,,,,,,,,,,,,,,,,,,,,,,,,,,,,,,,1.75,1.95615,2.282175,2.6082,2.86902,
#,,,,,,,,,,,,,,,,,,,,,,,,,,,,,,,,,,,,,,,,,,,,,,,,,,,,,,,,,,,1.5,1.70775,2.12175,2.3805,2.63925,
#,,,,,,,,,,,,,,,,,,,,,,,,,,,,,,,,,,,,,,,,,,,,,,,,,,,,,,,,,,,1.22259375,1.5,1.9,2.1,2.25,
#,,,,,,,,,,,,,,,,,,,,,,,,,,,,,,,,,,,,,,,,,,,,,,,,,,,,,,,,,,,0.965034,1.25,1.7,1.9665,2.1735,
#,,,,,,,,,,,,,,,,,,,,,,,,,,,,,,,,,,,,,,,,,,,,,,,,,,,,,,,,,,,0.79695,1.11573,1.5,1.656,1.863,
#,,,,,,,,,,,,,,,,,,,,,,,,,,,,,,,,,,,,,,,,,,,,,,,,,,,,,,,,,,,0.7107345,1.0266165,1.3424985,1.5525,1.7595,
#,,,,,,,,,,,,,,,,,,,,,,,,,,,,,,,,,,,,,,,,,,,,,,,,,,,,,,,,,,,0.65,0.9,1.25,1.4,1.6,
#,,,,,,,,,,,,,,,,,,,,,,,,,,,,,,,,,,,,,,,,,,,,,,,,,,,,,,,,,,,0.6,0.8,1.1,1.25,1.35,
#,,,,,,,,,,,,,,,,,,,,,,,,,,,,,,,,,,,,,,,,,,,,,,,,,,,,,,,,,,,0.55,0.7,0.85,0.95,1.05,
#,,,,,,,,,,,,,,,,,,,,,,,,,,,,,,,,,,,,,,,,,,,,,,,,,,,,,,,,,,,0.5,0.6,0.7,0.8,0.9,
#,,,,,,,,,,,,,,,,,,,,,,,,,,,,,,,,,,,,,,,,,,,,,,,,,,,,,,,,,,,0.45,0.5,0.6,0.66,0.72,
#,,,,,,,,,,,,,,,,,,,,,,,,,,,,,,,,,,,,,,,,,,,,,,,,,,,,,,,,,,,0.4,0.45,0.49,0.55,0.61,
#,,,,,,,,,,,,,,,,,,,,,,,,,,,,,,,,,,,,,,,,,,,,,,,,,,,,,,,,,,,0.35,0.4,0.44,0.5,0.55,
#,,,,,,,,,,,,,,,,,,,,,,,,,,,,,,,,,,,,,,,,,,,,,,,,,,,,,,,,,,,,,,,,
#,,,,,,,,,,,,,,,,,,,,,,,,,,,,,,,,,,,,,,,,,,,,,,,,,,,,,,,,,,,,,,,,
#,,,,,,,,,,,,,,,,,,,,,,,,,,,,,,,,,,,,,,,,,,,,,,,,,,,,,,,,,,,,,,,,
#,,,,,,,,,,,,,,,,,,,,,,,,,,,,,,,,,,,,,,,,,,,,,,,,,,,,,,,,,,,,,,,,
#,,,,,,,,,,,,,,,,,,,,,,,,,,,,,,,,,,,,,,,,,,,,,,,,,,,,,,,,,,,,,,,,
#,,,,,,,,,,,,,,,,,,,,,,,,,,,,,,,,,,,,,,,,,,,,,,,,,,,,,,,,,,,,,,,,
#,,,,,,,,,,,,,,,,,,,,,,,,,,,,,,,,,,,,,,,,,,,,,,,,,,,,,,,,,,,,,,,,
#,,,,,,,,,,,,,,,,,,,,,,,,,,,,,,,,,,,,,,,,,,,,,,,,,,,,,,,,,,,,,,,,
#,,,,,,,,,,,,,,,,,,,,,,,,,,,,,,,,,,,,,,,,,,,,,,,,,,,,,,,,,,,,,,,,
#,,,,,,,,,,,,,,,,,,,,,,,,,,,,,,,,,,,,,,,,,,,,,,,,,,,,,,,,,,,,,,,,
#,,,,,,,,,,,,,,,,,,,,,,,,,,,,,,,,,,,,,,,,,,,,,,,,,,,,,,,,,,,,,,,,
#,,,,,,,,,,,,,,,,,,,,,,,,,,,,,,,,,,,,,,,,,,,,,,,,,,,,,,,,,,,,,,,,
#,,,,,,,,,,,,,,,,,,,,,,,,,,,,,,,,,,,,,,,,,,,,,,,,,,,,,,,,,,,,,,,,
#,,,,,,,,,,,,,,,,,,,,,,,,,,,,,,,,,,,,,,,,,,,,,,,,,,,,,,,,,,,,,,,,
#,,,,,,,,,,,,,,,,,,,,,,,,,,,,,,,,,,,,,,,,,,,,,,,,,,,,,,,,,,,,,,,,
#,,,,,,,,,,,,,,,,,,,,,,,,,,,,,,,,,,,,,,,,,,,,,,,,,,,,,,,,,,,,,,,,
#,,,,,,,,,,,,,,,,,,,,,,,,,,,,,,,,,,,,,,,,,,,,,,,,,,,,,,,,,,,,,,,,
#,,,,,,,,,,,,,,,,,,,,,,,,,,,,,,,,,,,,,,,,,,,,,,,,,,,,,,,,,,,,,,,,
#,,,,,,,,,,,,,,,,,,,,,,,,,,,,,,,,,,,,,,,,,,,,,,,,,,,,,,,,,,,,,,,,
#,,,,,,,,,,,,,,,,,,,,,,,,,,,,,,,,,,,,,,,,,,,,,,,,,,,,,,,,,,,,,,,,
#,,,,,,,,,,,,,,,,,,,,,,,,,,,,,,,,,,,,,,,,,,,,,,,,,,,,,,,,,,,,,,,,
#,,,,,,,,,,,,,,,,,,,,,,,,,,,,,,,,,,,,,,,,,,,,,,,,,,,,,,,,,,,,,,,,
#,,,,,,,,,,,,,,,,,,,,,,,,,,,,,,,,,,,,,,,,,,,,,,,,,,,,,,,,,,,,,,,,
#,,,,,,,,,,,,,,,,,,,,,,,,,,,,,,,,,,,,,,,,,,,,,,,,,,,,,,,,,,,,,,,,
#,,,,,,,,,,,,,,,,,,,,,,,,,,,,,,,,,,,,,,,,,,,,,,,,,,,,,,,,,,,,,,,,
#,,,,,,,,,,,,,,,,,,,,,,,,,,,,,,,,,,,,,,,,,,,,,,,,,,,,,,,,,,,,,,,,
#,,,,,,,,,,,,,,,,,,,,,,,,,,,,,,,,,,,,,,,,,,,,,,,,,,,,,,,,,,,,,,,,
#,,,,,,,,,,,,,,,,,,,,,,,,,,,,,,,,,,,,,,,,,,,,,,,,,,,,,,,,,,,,,,,,
#,,,,,,,,,,,,,,,,,,,,,,,,,,,,,,,,,,,,,,,,,,,,,,,,,,,,,,,,,,,,,,,,
#,,,,,,,,,,,,,,,,,,,,,,,,,,,,,,,,,,,,,,,,,,,,,,,,,,,,,,,,,,,,,,,,
#,,,,,,,,,,,,,,,,,,,,,,,,,,,,,,,,,,,,,,,,,,,,,,,,,,,,,,,,,,,,,,,,
#,,,,,,,,,,,,,,,,,,,,,,,,,,,,,,,,,,,,,,,,,,,,,,,,,,,,,,,,,,,,,,,,
#,,,,,,,,,,,,,,,,,,,,,,,,,,,,,,,,,,,,,,,,,,,,,,,,,,,,,,,,,,,,,,,,
#,,,,,,,,,,,,,,,,,,,,,,,,,,,,,,,,,,,,,,,,,,,,,,,,,,,,,,,,,,,,,,,,
#,,,,,,,,,,,,,,,,,,,,,,,,,,,,,,,,,,,,,,,,,,,,,,,,,,,,,,,,,,,,,,,,
#,,,,,,,,,,,,,,,,,,,,,,,,,,,,,,,,,,,,,,,,,,,,,,,,,,,,,,,,,,,,,,,,
#,,,,,,,,,,,,,,,,,,,,,,,,,,,,,,,,,,,,,,,,,,,,,,,,,,,,,,,,,,,,,,,,
#,,,,,,,,,,,,,,,,,,,,,,,,,,,,,,,,,,,,,,,,,,,,,,,,,,,,,,,,,,,,,,,,
#,,,,,,,,,,,,,,,,,,,,,,,,,,,,,,,,,,,,,,,,,,,,,,,,,,,,,,,,,,,,,,,,
#,,,,,,,,,,,,,,,,,,,,,,,,,,,,,,,,,,,,,,,,,,,,,,,,,,,,,,,,,,,,,,,,
#,,,,,,,,,,,,,,,,,,,,,,,,,,,,,,,,,,,,,,,,,,,,,,,,,,,,,,,,,,,,,,,,
#,,,,,,,,,,,,,,,,,,,,,,,,,,,,,,,,,,,,,,,,,,,,,,,,,,,,,,,,,,,,,,,,
#,,,,,,,,,,,,,,,,,,,,,,,,,,,,,,,,,,,,,,,,,,,,,,,,,,,,,,,,,,,,,,,,
#,,,,,,,,,,,,,,,,,,,,,,,,,,,,,,,,,,,,,,,,,,,,,,,,,,,,,,,,,,,,,,,,
#,,,,,,,,,,,,,,,,,,,,,,,,,,,,,,,,,,,,,,,,,,,,,,,,,,,,,,,,,,,,,,,,
#,,,,,,,,,,,,,,,,,,,,,,,,,,,,,,,,,,,,,,,,,,,,,,,,,,,,,,,,,,,,,,,,
#,,,,,,,,,,,,,,,,,,,,,,,,,,,,,,,,,,,,,,,,,,,,,,,,,,,,,,,,,,,,,,,,
#,,,,,,,,,,,,,,,,,,,,,,,,,,,,,,,,,,,,,,,,,,,,,,,,,,,,,,,,,,,,,,,,
#,,,,,,,,,,,,,,,,,,,,,,,,,,,,,,,,,,,,,,,,,,,,,,,,,,,,,,,,,,,,,,,,
#,,,,,,,,,,,,,,,,,,,,,,,,,,,,,,,,,,,,,,,,,,,,,,,,,,,,,,,,,,,,,,,,
#,,,,,,,,,,,,,,,,,,,,,,,,,,,,,,,,,,,,,,,,,,,,,,,,,,,,,,,,,,,,,,,,
#,,,,,,,,,,,,,,,,,,,,,,,,,,,,,,,,,,,,,,,,,,,,,,,,,,,,,,,,,,,,,,,,
#,,,,,,,,,,,,,,,,,,,,,,,,,,,,,,,,,,,,,,,,,,,,,,,,,,,,,,,,,,,,,,,,
#,,,,,,,,,,,,,,,,,,,,,,,,,,,,,,,,,,,,,,,,,,,,,,,,,,,,,,,,,,,,,,,,
#,,,,,,,,,,,,,,,,,,,,,,,,,,,,,,,,,,,,,,,,,,,,,,,,,,,,,,,,,,,,,,,,
#,,,,,,,,,,,,,,,,,,,,,,,,,,,,,,,,,,,,,,,,,,,,,,,,,,,,,,,,,,,,,,,,
#,,,,,,,,,,,,,,,,,,,,,,,,,,,,,,,,,,,,,,,,,,,,,,,,,,,,,,,,,,,,,,,,
#,,,,,,,,,,,,,,,,,,,,,,,,,,,,,,,,,,,,,,,,,,,,,,,,,,,,,,,,,,,,,,,,
#,,,,,,,,,,,,,,,,,,,,,,,,,,,,,,,,,,,,,,,,,,,,,,,,,,,,,,,,,,,,,,,,
#,,,,,,,,,,,,,,,,,,,,,,,,,,,,,,,,,,,,,,,,,,,,,,,,,,,,,,,,,,,,,,,,
#,,,,,,,,,,,,,,,,,,,,,,,,,,,,,,,,,,,,,,,,,,,,,,,,,,,,,,,,,,,,,,,,
#,,,,,,,,,,,,,,,,,,,,,,,,,,,,,,,,,,,,,,,,,,,,,,,,,,,,,,,,,,,,,,,,
#,,,,,,,,,,,,,,,,,,,,,,,,,,,,,,,,,,,,,,,,,,,,,,,,,,,,,,,,,,,,,,,,